<?xml version='1.0' encoding='utf-8'?>
<root>
    <item>AnalyzedByExternalApplication</item>
    <item>AddDatasourceToGateway</item>
    <item>AddFolderAccess</item>
    <item>AddGroupMembers</item>
    <item>AdminAttachedDataflowStorageAccountToTenant</item>
    <item>AnalyzedByExternalApplication</item>
    <item>AnalyzeInExcel</item>
    <item>AssignWorkspaceToPipeline</item>
    <item>AttachedDataflowStorageAccount</item>
    <item>BindToGateway</item>
    <item>CancelDataflowRefresh</item>
    <item>ChangeCapacityState</item>
    <item>UpdateCapacityUsersAssignment</item>
    <item>SetAllConnections</item>
    <item>ChangeGatewayAdministrators</item>
    <item>ChangeGatewayDatasourceUsers</item>
    <item>InsertOrganizationalGalleryItem</item>
    <item>CreateOrgApp</item>
    <item>CreateAlmPipeline</item>
    <item>CreateApp</item>
    <item>CreateDashboard</item>
    <item>CreateDataflow</item>
    <item>CreateDataset</item>
    <item>CreateEmailSubscription</item>
    <item>CreateFolder</item>
    <item>CreateGateway</item>
    <item>CreateGroup</item>
    <item>CreateReport</item>
    <item>GenerateCustomVisualAADAccessToken</item>
    <item>GenerateCustomVisualWACAccessToken</item>
    <item>DataflowMigratedToExternalStorageAccount</item>
    <item>DataflowPermissionsAdded</item>
    <item>DataflowPermissionsRemoved</item>
    <item>DeleteOrganizationalGalleryItem</item>
    <item>DeleteAlmPipeline</item>
    <item>DeleteOrgApp</item>
    <item>DeleteComment</item>
    <item>DeleteDashboard</item>
    <item>DeleteDataflow</item>
    <item>DeleteDataset</item>
    <item>DeleteEmailSubscription</item>
    <item>DeleteFolder</item>
    <item>DeleteFolderAccess</item>
    <item>DeleteGateway</item>
    <item>DeleteGroup</item>
    <item>DeleteReport</item>
    <item>DeployAlmPipeline</item>
    <item>GetDatasources</item>
    <item>DownloadReport</item>
    <item>EditDataflowProperties</item>
    <item>EditCertificationPermission</item>
    <item>EditDashboard</item>
    <item>EditDataset</item>
    <item>EditDatasetProperties</item>
    <item>EditReport</item>
    <item>ExportDataflow</item>
    <item>ExportReport</item>
    <item>ExportTile</item>
    <item>FailedToAddDataflowPermissions</item>
    <item>FailedToRemoveDataflowPermissions</item>
    <item>GenerateDataflowSasToken</item>
    <item>GenerateEmbedToken</item>
    <item>Import</item>
    <item>InstallApp</item>
    <item>MigrateWorkspaceIntoCapacity</item>
    <item>PostComment</item>
    <item>PrintDashboard</item>
    <item>PrintReport</item>
    <item>PublishToWebReport</item>
    <item>UpdateFeaturedTables</item>
    <item>ReceiveDataflowSecretFromKeyVault</item>
    <item>UnassignWorkspaceFromPipeline</item>
    <item>RemoveDatasourceFromGateway</item>
    <item>DeleteGroupMembers</item>
    <item>RemoveWorkspacesFromCapacity</item>
    <item>RenameDashboard</item>
    <item>RequestDataflowRefresh</item>
    <item>RefreshDataset</item>
    <item>GetWorkspaces</item>
    <item>SensitivityLabelApplied</item>
    <item>SensitivityLabelChanged</item>
    <item>SensitivityLabelRemoved</item>
    <item>SetDataflowStorageLocationForWorkspace</item>
    <item>SetScheduledRefreshOnDataflow</item>
    <item>SetScheduledRefresh</item>
    <item>ShareDashboard</item>
    <item>ShareReport</item>
    <item>OptInForExtendedProTrial</item>
    <item>OptInForProTrial</item>
    <item>TakeOverDatasource</item>
    <item>TakeOverDataset</item>
    <item>TookOverDataflow</item>
    <item>UnpublishApp</item>
    <item>UpdateCapacityResourceGovernanceSettings</item>
    <item>UpdateOrganizationalGalleryItem</item>
    <item>UpdateCapacityAdmins</item>
    <item>UpdateCapacityDisplayName</item>
    <item>UpdatedDataflowStorageAssignmentPermissions</item>
    <item>UpdateAlmPipelineAccess</item>
    <item>SetConfigurationAlmPipeline</item>
    <item>UpdatedAdminFeatureSwitch</item>
    <item>UpdateApp</item>
    <item>UpdateDataflow</item>
    <item>UpdateDatasources</item>
    <item>UpdateDatasetParameters</item>
    <item>UpdateEmailSubscription</item>
    <item>UpdateFolder</item>
    <item>UpdateFolderAccess</item>
    <item>UpdateDatasourceCredentials</item>
    <item>ViewDashboard</item>
    <item>ViewDataflow</item>
    <item>ViewReport</item>
    <item>ViewTile</item>
    <item>ViewUsageMetrics</item>
    <item>ConnectFromExternalApplication</item>
    <item>GenerateScreenshot</item>
    <item>ExportActivityEvents</item>
    <item>GetSnapshots</item>
    <item>ExportArtifact</item>
    <item>ExportArtifactDownload</item>
    <item>GetCapacityUsersAsAdmin</item>
    <item>RequestCopilot</item>
    <item>CopilotInteraction</item>
    <item>GetDatasourceDetailsWithCredentialsAsync</item>
    <item>RunEmailSubscription</item>
    <item>GetTaskFlow</item>
    <item>GetCloudSupportedDatasources</item>
    <item>DeleteDatasetRows</item>
    <item>UpdateDataset</item>
    <item>GetAllGatewayClusterDatasources</item>
    <item>ReadDataflow</item>
    <item>GetGoal</item>
    <item>SaveNewVersionForPowerBIModel</item>
    <item>GetScorecard</item>
    <item>ApplyChangeToPowerBIModel</item>
    <item>GetPowerBIDataModel</item>
    <item>GetGatewayClusters</item>
    <item>BindMonikersToDatasources</item>
    <item>GetGatewayRegions</item>
    <item>GetGroupsAsAdmin</item>
    <item>ArtifactAccessRequest</item>
    <item>GetGoalValues</item>
    <item>GetCapacitiesAsAdmin</item>
    <item>GetPowerBIDataModelDiagramLayouts</item>
    <item>GetRefreshHistory</item>
    <item>SavePowerBIDataModelDiagramLayouts</item>
    <item>GetScorecardHierarchies</item>
    <item>GetScorecardViews</item>
    <item>ShareDataset</item>
    <item>GetGatewayClusterDatasourceStatus</item>
    <item>CreateCloudDatasourceFromKindPath</item>
    <item>GetGatewayClusterSupportedDatasources</item>
    <item>UpdateWorkspaceAccess</item>
    <item>GetScorecardByReportId</item>
    <item>CancelDatasetRefresh</item>
    <item>AddTile</item>
    <item>AddUsersToGatewayClusterDatasource</item>
    <item>UpdateGatewayClusterDatasource</item>
    <item>EvaluateDataSourcesAgainstTenantDlpPolicies</item>
    <item>ReadArtifact</item>
    <item>OptInForPPUTrial</item>
    <item>CreateGatewayClusterDatasource</item>
    <item>GetWorkspacesInfoResult</item>
    <item>CreateTemporaryUploadLocation</item>
    <item>CheckScorecardAccess</item>
    <item>RenameReport</item>
    <item>InitiateCloudOAuthLogin</item>
    <item>CreateCloudDatasource</item>
    <item>InitiateGatewayClusterOAuthLogin</item>
    <item>UpdateTaskFlow</item>
    <item>MoveItemsIntoSubfolder</item>
    <item>AddAdminPersonalWorkspaceAccess</item>
    <item>RemoveGatewayClusterDatasourceUser</item>
    <item>DeleteGatewayClusterDatasource</item>
    <item>EditTile</item>
    <item>GetAllScorecards</item>
    <item>CreateScorecard</item>
    <item>CreateTaskFlow</item>
    <item>GetAppsAsAdmin</item>
    <item>RemoveAdminPersonalWorkspaceAccess</item>
    <item>DeleteTile</item>
    <item>GetModifiedWorkspacesAPI</item>
    <item>DeleteSubfolder</item>
    <item>GetRefreshExecutionMetricsForSemanticModel</item>
    <item>GetUserDatasourcesByDataSourceReference</item>
    <item>CreateDatasetByQuickShare</item>
    <item>FollowGoal</item>
    <item>CreateSubfolder</item>
    <item>GetWorkspacesInfoAPI</item>
</root>
