{
    "Afghanistan Standard Time": {
        "Offset": 270,
        "DST": 0
    },
    "FLE Standard Time": {
        "Offset": 120,
        "DST": 1
    },
    "Central Europe Standard Time": {
        "Offset": 60,
        "DST": 1
    },
    "W. Central Africa Standard Time": {
        "Offset": 60,
        "DST": 0
    },
    "UTC-11": {
        "Offset": -660,
        "DST": 0
    },
    "W. Europe Standard Time": {
        "Offset": 0,
        "DST": 1
    },
    "SA Western Standard Time": {
        "Offset": -240,
        "DST": 0
    },
    "Pacific SA Standard Time": {
        "Offset": -180,
        "DST": 0
    },
    "Argentina Standard Time": {
        "Offset": -180,
        "DST": 0
    },
    "Caucasus Standard Time": {
        "Offset": 240,
        "DST": 0
    },
    "AUS Eastern Standard Time": {
        "Offset": 600,
        "DST": 0
    },
    "Azerbaijan Standard Time": {
        "Offset": 240,
        "DST": 0
    },
    "Eastern Standard Time": {
        "Offset": -300,
        "DST": 1
    },
    "Arab Standard Time": {
        "Offset": 180,
        "DST": 0
    },
    "Bangladesh Standard Time": {
        "Offset": 360,
        "DST": 0
    },
    "Belarus Standard Time": {
        "Offset": 180,
        "DST": 0
    },
    "Romance Standard Time": {
        "Offset": 60,
        "DST": 1
    },
    "Central America Standard Time": {
        "Offset": -360,
        "DST": 0
    },
    "Atlantic Standard Time": {
        "Offset": -240,
        "DST": 0
    },
    "Venezuela Standard Time": {
        "Offset": -240,
        "DST": 0
    },
    "Central European Standard Time": {
        "Offset": 60,
        "DST": 1
    },
    "South Africa Standard Time": {
        "Offset": 120,
        "DST": 0
    },
    "UTC": {
        "Offset": 0,
        "DST": 0
    },
    "E. South America Standard Time": {
        "Offset": -180,
        "DST": 1
    },
    "Central Asia Standard Time": {
        "Offset": 360,
        "DST": 0
    },
    "Singapore Standard Time": {
        "Offset": 480,
        "DST": 0
    },
    "Greenwich Standard Time": {
        "Offset": 0,
        "DST": 0
    },
    "Cape Verde Standard Time": {
        "Offset": -60,
        "DST": 0
    },
    "SE Asia Standard Time": {
        "Offset": 420,
        "DST": 0
    },
    "SA Pacific Standard Time": {
        "Offset": -300,
        "DST": 0
    },
    "China Standard Time": {
        "Offset": 480,
        "DST": 0
    },
    "Myanmar Standard Time": {
        "Offset": 390,
        "DST": 0
    },
    "E. Africa Standard Time": {
        "Offset": 180,
        "DST": 0
    },
    "Hawaiian Standard Time": {
        "Offset": -600,
        "DST": 0
    },
    "E. Europe Standard Time": {
        "Offset": 120,
        "DST": 0
    },
    "Tokyo Standard Time": {
        "Offset": 540,
        "DST": 0
    },
    "Egypt Standard Time": {
        "Offset": 120,
        "DST": 0
    },
    "SA Eastern Standard Time": {
        "Offset": -180,
        "DST": 0
    },
    "GMT Standard Time": {
        "Offset": 0,
        "DST": 0
    },
    "Fiji Standard Time": {
        "Offset": 720,
        "DST": 0
    },
    "West Asia Standard Time": {
        "Offset": 300,
        "DST": 0
    },
    "Georgian Standard Time": {
        "Offset": 240,
        "DST": 0
    },
    "GTB Standard Time": {
        "Offset": 120,
        "DST": 1
    },
    "Greenland Standard Time": {
        "Offset": -180,
        "DST": 0
    },
    "West Pacific Standard Time": {
        "Offset": 600,
        "DST": 0
    },
    "Mauritius Standard Time": {
        "Offset": 240,
        "DST": 0
    },
    "India Standard Time": {
        "Offset": 330,
        "DST": 0
    },
    "Iran Standard Time": {
        "Offset": 210,
        "DST": 0
    },
    "Arabic Standard Time": {
        "Offset": 180,
        "DST": 0
    },
    "Israel Standard Time": {
        "Offset": 120,
        "DST": 1
    },
    "Jordan Standard Time": {
        "Offset": 120,
        "DST": 0
    },
    "UTC+12": {
        "Offset": 720,
        "DST": 0
    },
    "Korea Standard Time": {
        "Offset": 540,
        "DST": 0
    },
    "Middle East Standard Time": {
        "Offset": 120,
        "DST": 1
    },
    "Central Standard Time (Mexico)": {
        "Offset": -360,
        "DST": 0
    },
    "Ulaanbaatar Standard Time": {
        "Offset": 480,
        "DST": 0
    },
    "Morocco Standard Time": {
        "Offset": 0,
        "DST": 0
    },
    "Namibia Standard Time": {
        "Offset": 60,
        "DST": 0
    },
    "Nepal Standard Time": {
        "Offset": 345,
        "DST": 0
    },
    "Central Pacific Standard Time": {
        "Offset": 660,
        "DST": 0
    },
    "New Zealand Standard Time": {
        "Offset": 720,
        "DST": 1
    },
    "Arabian Standard Time": {
        "Offset": 240,
        "DST": 0
    },
    "Pakistan Standard Time": {
        "Offset": 300,
        "DST": 0
    },
    "Paraguay Standard Time": {
        "Offset": -240,
        "DST": 0
    },
    "Pacific Standard Time": {
        "Offset": -480,
        "DST": 1
    },
    "Russian Standard Time": {
        "Offset": 180,
        "DST": 0
    },
    "Samoa Standard Time": {
        "Offset": 780,
        "DST": 0
    },
    "UTC-02": {
        "Offset": -120,
        "DST": 0
    },
    "Sri Lanka Standard Time": {
        "Offset": 330,
        "DST": 0
    },
    "Syria Standard Time": {
        "Offset": 120,
        "DST": 0
    },
    "Taipei Standard Time": {
        "Offset": 480,
        "DST": 0
    },
    "Tonga Standard Time": {
        "Offset": 780,
        "DST": 0
    },
    "T\u00fcrkiye Standard Time": {
        "Offset": 180,
        "DST": 0
    },
    "Mountain Standard Time": {
        "Offset": -420,
        "DST": 1
    },
    "Montevideo Standard Time": {
        "Offset": -180,
        "DST": 0
    },
    "Central Standard Time": {
        "Offset": -360,
        "DST": 1
    },
    "Turkey Standard Time": {
        "Offset": 180,
        "DST": 0
    },
    "Pacific Standard Time (Mexico)": {
        "Offset": -480,
        "DST": 1
    },
    "US Mountain Standard Time": {
        "Offset": -420,
        "DST": 1
    },
    "N. Central Asia Standard Time": {
        "Offset": 420,
        "DST": 0
    },
    "US Eastern Standard Time": {
        "Offset": -300,
        "DST": 1
    },
    "Dateline Standard Time": {
        "Offset": -720,
        "DST": 0
    },
    "Mid-Atlantic Standard Time": {
        "Offset": -120,
        "DST": 1
    },
    "Mountain Standard Time (Mexico)": {
        "Offset": -420,
        "DST": 0
    },
    "Central Brazilian Standard Time": {
        "Offset": -240,
        "DST": 0
    }
}